DESC PRODUTO;COD BARRAS;COD UNIDADE;VLR CUSTO BRUTO;VLR VENDA 1;QTD ESTOQUE;DATA ALTERACAO;FLG ATIVO;COD EMP
ABACAXI ROD MAESTRIA 400GR;7898935234149;UN;6,25;0,01;6;14/12/2016;N;1
AGUA DE COCO DUCOCO 1L;7896016608766;UND;6,55;8,99;0;12/10/2016;S;1
AGUARDENTE 51 965ML;7896002100014;UND;6,69;9,9;0;13/10/2016;S;1
AGUARDENTE BOM SUCESSO 790ML;7897736403198;UND;4,2;5,9;0;13/10/2016;S;1
AGUARDENTE CANINHA ADOCADA 450ML;7898080660459;UND;2,6;3,9;0;13/10/2016;S;1
AGUARDENTE PINGO DE OURO 890ML;7898003630163;UND;3,8;6,49;0;13/10/2016;S;1
AGUARDENTE SPEZIA PRATA 700ML;7896440402282;UND;13,4;18,45;0;13/10/2016;S;1
AGUARDENTE VELHO BARREIRO 910ML;7896050200124;UND;6,5;8,99;0;13/10/2016;S;1
AGUARDENTE YPIOCA OURO 965ML;7896383700681;UND;10,4;15,9;0;13/10/2016;S;1
AGUARDENTE YPIOCA PRATA ENVELHECIDA 965ML;7896383700698;UND;20,4;26,95;0;13/10/2016;S;1
AKLOV VODKA 880ML;7898080660190;UND;6,9;9,9;0;13/10/2016;S;1
ALCOOL COPERALCOOL 92,8% 1LT;7896090703906;UN;4,46;0,01;12;14/12/2016;N;1
ALCOOL ZULU 70% 1LT;7896090704316;UN;3,59;0,01;12;14/12/2016;N;1
AMENDOIM DORI CHOCOLATE 100GR;7896058501308;UN;0;0,01;0;16/12/2016;N;1
AMENDOIN DORI JAPONES 100GR;7896058501100;UN;1,55;2,25;0;15/12/2016;S;1
ANTARCTICA SUBZERO 350ML;7891991010023;UND;1,37;1,99;0;14/12/2016;S;1
ARROZ PARBOILIZADO TIO MINDO TP1 1KG;7898927274016;UND;2,54;3,55;0;11/10/2016;S;1
ATUM 88 RALADO OLEO 170GR;7891167031883;UN;3,39;0,01;24;14/12/2016;N;1
ATUM 88 SOLIDO OLEO 170GR;7891167031685;UN;5,45;0,01;24;14/12/2016;N;1
AZEITE OLV ANDORINHA LT 1% 500ML;5601216110023;UN;13,89;0,01;12;14/12/2016;N;1
AZEITE OLV EXT VI ANDORINHA VD 0.5%250ML;5601216120053;UN;9,79;0,01;12;14/12/2016;N;1
AZEITE OLV EXT VI ANDORINHA VD 500ML;5601216120152;UN;16,79;0,01;12;14/12/2016;N;1
AZEITONAS DOM FIORELO 200G;7898951621404;UND;2,73;3,9;0;20/10/2016;S;1
AZRITONAS HEMMER 300G;7891031116906;UND;2,49;3,49;0;20/10/2016;S;1
BALA DORI 600GR HORTELA ORIGINAL;7896058591613;UN;0;0,01;0;16/12/2016;N;1
BALA FINI TUBINHOS 12X20G ANGRY BIRDS CITRICO (12);7898519450330;UN;0;0,01;0;13/12/2016;N;1
BALA FINI TUBINHOS 12X20G MORANGO CITRICO (12)*;7898279799991;CX12;0;0,01;0;13/12/2016;N;1
BALA FINI TUBINHOS MORANGO CITRICO;7898279799823;UN;0,77;1,5;12;15/12/2016;S;1
BALA FINI TUBINHOS TUTI FRUIT 20G;7898519450279;UND;0;0,01;0;11/10/2016;N;1
BALA GOTA COLA 600GR DORI;7896058591682;UN;0;0,01;0;16/12/2016;N;1
BALAO 7 IMP. AZUL TURQUESA;7896243104352;UN;0;0,01;0;14/12/2016;N;1
BALAO 7 IMP. BRANCO POLAR;7896243104451;UN;0;0,01;0;14/12/2016;N;1
BALAO 7 IMP. ROSA TUTTI-FRUTTI;7896243104413;UN;0;0,01;0;14/12/2016;N;1
BALAO 7.0 IMPERIAL MISTO;7896243104529;UN;0;0,01;0;14/12/2016;N;1
BANHA DE PORCO ALIBEM 1KG;7898335580259;UN;5,45;0,01;5;14/12/2016;N;1
BATATA CG BINT MCCAIN 9MM 400G;7797906001769;UN;3,34;0,01;20;14/12/2016;N;1
BATATA CG EASY FRIES G.FOODS 10MM 2KG;7898945210638;UN;7,98;0,01;36;14/12/2016;N;1
BATERIA ALCALINA PANASONIC 9 VOLTS;7896067203460;UN;0;0,01;0;16/12/2016;N;1
BAVARIA PILSEN LATA 473ML;7896045503452;UND;2,06;2,65;0;14/12/2016;S;1
BELVITA LEITE 90G;7622300800550;UND;2,69;3,75;0;20/10/2016;S;1
BELVITA MEL CACAU 90G;7622300800529;UND;2,69;3,75;0;20/10/2016;S;1
BILOFF VODKA 900ML;7898003630088;UND;4,8;7,49;0;13/10/2016;S;1
BISCOITO AGUA E SAL NINFA 370G;7896111421888;UND;2,75;3,85;0;12/10/2016;S;1
BISCOITO CREAM CRACKER 370G;7896111421895;UND;2,75;3,85;0;12/10/2016;S;1
BISCOITO LEITE NINFA 370G;7896111422069;UND;2,85;3,85;0;12/10/2016;S;1
BISCOITO MAIZENA NINFA 370G;7896111422076;UND;2,64;3,85;0;12/10/2016;S;1
BISCOITO MARIA NINFA 370G;7896111422045;UND;2,64;3,85;0;12/10/2016;S;1
BOBINA 1 FOLHA PICOTADA BOMPACK 28 X42 C/500;7898416300905;UN;0;0,01;0;14/12/2016;N;1
BRAHMA CHOPP 473ML;7891149011001;UND;2,5;3,25;0;14/12/2016;S;1
BRAHMA CHOPP LATA 350ML;7891149010509;UND;1,53;2,5;0;14/12/2016;S;1
BUDWEISER LATA 350ML;7891991010481;UND;2,73;3,45;0;14/12/2016;S;1
BUDWEISER LN 343ML;7891991010832;UND;3;3,5;0;14/12/2016;S;1
C AV COXINHA ASA CG BDJ AGROVENETO 1KG;7898038214611;UN;8,54;0,01;12;14/12/2016;N;1
C AV FRANGO A PAS PC IQF NICOLINI 10X1KG;004;UN;5,99;0,01;10;14/12/2016;N;1
C AV SASSAMI CG PCT IQF MACEDO 1KG;7897408105139;UN;7,99;0,01;16;14/12/2016;N;1
C BV FILE MIGNON S/C CG FRIBOI;3;UN;38,98;58,47;16,11;15/12/2016;S;1
C BV FRALDINHA RF MATABOI;1;UN;17,99;26,98;26,91;15/12/2016;S;1
C BV MAMINHA RF COOPERFRIGU;9;UN;23,9;53,78;25,59;15/12/2016;S;1
C BV PICANHA CG LORSINAL A;2;UN;45,9;68,85;13,5;15/12/2016;S;1
CACHACA SPEZIA OURO 700ML;7896440402275;UND;13,7;18,45;0;13/10/2016;S;1
CACHACA SPEZIA OURO ENVELHECIDA 700ML;7896440402299;UND;16,5;22,45;0;13/10/2016;S;1
CACHACA YPIOCA OURO ENVELHECIDA 965ML;7896383700704;UND;24,2;32,9;0;13/10/2016;S;1
CANETA BIC CRISTAL AZUL;070330129627;UN;0;0,01;0;16/12/2016;N;1
CANUDO STRAW. SACHE 5,0MM 21CM C/100 UN;7898202613011;UN;0;0,01;0;14/12/2016;N;1
CANUDO STRAW. SACHE 8MM VERMELHO C/100 UN;7898202610584;UN;0;0,01;0;14/12/2016;N;1
CATCHUP HEINZ TRADICIONAL FP 397GR;7896102503708;UN;6,85;0,01;4;14/12/2016;N;1
CERA PASTA TRADICIONAL PROAUTO 500G;7896189221021;UND;7,14;10,9;0;12/10/2016;S;1
CERV ITAIPAVA PILSEN 300ML;7897395040604;UND;1,3;2;0;12/10/2016;S;1
CERVEJA EISENBAHN PALE LN 355ML;7898367980034;UND;3,95;5,15;0;14/12/2016;S;1
CERVEJA EISENBAHN WEISS LN 355ML;7898367980041;UND;3,95;5,15;0;14/12/2016;S;1
CERVEJA ITAIPAVA LATA 269ML;7897395040307;UND;1,21;1,55;0;14/12/2016;S;1
CERVEJA ITAIPAVA PILSEN LATA 350ML;7897395020101;UND;1,6;2,35;0;14/12/2016;S;1
CERVEJA PROIBIDA LATA 350ML;7898945987035;UND;1,79;2,49;0;14/12/2016;S;1
CHOCOLATE GRANULADO COLORIDO 150GR;7896058592139;UN;0;0,01;0;16/12/2016;S;1
CHOCOLATE GRANULADO DORI 150GR;7896058501506;UN;0;0,01;0;16/12/2016;N;1
CHOCOLATE GRANULADO MESCLADO DORI 150GR;7896058592108;UN;0;0,01;0;16/12/2016;N;1
CLUB SOCIAL ORIGINAL 160G;7622300990701;UND;2,69;3,9;0;11/10/2016;S;1
CLUB SOCIAL PRESUNTO 140G;7622210641632;UN;2,69;3,9;0;11/10/2016;S;1
COCA COLA PET 2L;7894900011517;UND;4,3;6,25;0;11/10/2016;S;1
COLHER STRAW. L.FESTA BRANCA C/50 UN;7898202616203;UN;0;0,01;0;14/12/2016;N;1
COLORAU SINHA PCT 1.05KG;7892300030619;UN;6,98;0,01;12;14/12/2016;N;1
COPO BOMPACK 200ML AZUL C/50;7898921468503;UN;0;0,01;0;14/12/2016;N;1
COPO BOMPACK 200ML ROSA C/50;7898921468510;UN;0;0,01;0;14/12/2016;N;1
COPO COPOBRAS 180ML TRANSPARENTE C/100 UN;7898921461580;UN;0;0,01;0;14/12/2016;N;1
COPO COPOBRAS 300ML TRANSPARENTE C/100 UN;7896030892684;UN;0;0,01;0;14/12/2016;N;1
COQUETEL ABACAXI SPEZIA 900ML;7896440401001;UND;8,4;11,9;0;13/10/2016;S;1
COQUETEL ALCOLICO TONTURINHA 450ML;7898080660732;UND;2,11;2,99;0;13/10/2016;S;1
COQUETEL AMENDOIN PINGO DE OURO 900ML;7898003630194;UND;4,8;6,9;0;13/10/2016;S;1
COQUETEL BANANA SPEZIA 900ML;7896440402121;UND;8,4;11,9;0;13/10/2016;S;1
COQUETEL BUTIA SPEZIA 900ML;7896440403104;UND;8,4;11,9;0;13/10/2016;S;1
COQUETEL CATUABA PINGO DE OURO 900ML;7898003631771;UND;5,2;7,49;0;13/10/2016;S;1
COQUETEL COCO PINGO DE OURO 900ML;7898003630187;UND;4,8;6,9;0;13/10/2016;S;1
COQUETEL CONQUISTADOR 890ML;7898003630026;UND;4,8;6,9;0;13/10/2016;S;1
COQUETEL LIMAOZINHO PINGO DE OURO 900ML;7898003630125;UND;4,8;6,9;0;13/10/2016;S;1
COQUETEL MARACUJA PINGO DE OURO 900ML;7898003630170;UND;4,8;6,9;0;13/10/2016;S;1
COQUETEL MEL LIMAO PINGO DE OURO 900ML;7898003630033;UND;4,8;6,9;0;13/10/2016;S;1
COQUETEL PINGO DE OURO 900ML;7898003630118;UND;4,9;6,5;0;13/10/2016;S;1
CORDA VARAL N 05 BOMPACK 10 MTS;7898416301230;UN;0;0,01;0;14/12/2016;N;1
CORDA VARAL N 10 BOMPACK 10 MTS;7898921469326;UN;0;0,01;0;14/12/2016;N;1
CREME DE BARBEAR BIC SENSETIVE;070330770126;UN;0;0,01;0;16/12/2016;S;1
CUP NOODLES CARNE 64G;7891079008010;UND;1,92;2,69;0;12/10/2016;S;1
CUP NOODLES GALINHA CAIP 64GR;7891079008034;UND;1,92;2,69;0;12/10/2016;S;1
DALLAS AZUL MACO;78934009;UND;4,57;5;0;11/10/2016;S;1
DELIKET DORI 100GR;7896058501704;UN;0;0,01;0;16/12/2016;N;1
DEVASSA LAGER LATA 473ML;7898904771729;UND;2,25;2,99;0;14/12/2016;S;1
EISENBAHN LN 355ML;7898367980010;UND;2,77;3,75;0;14/12/2016;S;1
EISENBAHN STRONG LN 355ML;7898367980898;UND;3,97;5,15;0;14/12/2016;S;1
ENERGETICO BALY PET 2L;7898080662668;UND;7,42;10,9;0;11/10/2016;S;1
ERVILHA E MILHO QUERO LT 200GR;7896102501308;UN;1,89;0,01;24;14/12/2016;N;1
ERVILHA QUERO LT 200GR;7896102501018;UN;1,23;0,01;24;14/12/2016;N;1
ESCOVA OVAL BOMPACK;7898921468671;UN;0;0,01;0;14/12/2016;N;1
ESCOVA SANITARIA BOMPACK;7898921468688;UN;0;0,01;0;14/12/2016;N;1
ESFREGAO ALKLIN TIPO SACO;7897750781166;UN;0;0,01;0;14/12/2016;N;1
ESPONJA ALKLIN DUPLA FACE C/10;7897750771778;UN;0;0,01;0;14/12/2016;N;1
ESPONJA LA DE ACO 40G;7897750779514;UN;0,88;1,35;0;14/12/2016;S;1
EXT TOM BONARE SACHE 2KG;7898905153777;UN;6,93;0,01;12;14/12/2016;N;1
EXTRATO TOMATE BONARE SACHE 340G;7898905153715;UND;1,33;1,9;0;20/10/2016;S;1
FANTA LARANJA PET 2L;7894900031515;UND;4,14;5,75;0;11/10/2016;S;1
FAR MAND ARARUNA1KG;7896431000060;UN;4,36;0,01;20;14/12/2016;N;1
FAR MILHO SINHA MEDIA 1KG;7892300026018;UN;2,1;0,01;10;14/12/2016;N;1
FIGO CALDA QOBBA LT 400GR;7898933880096;UN;7;0,01;6;14/12/2016;N;1
FILME BLUFORTE CHURRASCOFACIL 45X5 MTS;7898182803013;UN;0;0,01;0;14/12/2016;N;1
FILME PVC BLUFORTE FILMEFACIL 15MX28CM;7898182803051;UN;0;0,01;0;14/12/2016;N;1
FILME PVC BLUFORTE FILMEFACIL 30MX28CM;7898182803068;UN;0;0,01;0;14/12/2016;N;1
FONT LIFE C GAS 500ML;7898912374028;UND;0,75;2,25;0;12/10/2016;S;1
FONT LIFE S GAS 500ML;7898912374011;UND;0,58;1,99;0;12/10/2016;S;1
FORMA EMBRASTPACK N5 AZUL C/200;7899028500370;UN;0;0,01;0;14/12/2016;N;1
FORMA EMBRASTPACK N5 ROSA C/200;7899028500233;UN;0;0,01;0;14/12/2016;N;1
FOSFORO COZINHA FIAT LUX;7896007941636;UN;0;0,01;0;14/12/2016;N;1
FOSFORO EXTRA LONGO FIAT LUX;7896007941254;UN;0;0,01;0;14/12/2016;N;1
FOSFORO PINHEIRO FIAT LUX C/10;7896007912124;UN;0;0,01;0;14/12/2016;N;1
FRUITTELLA 40G DOCE DE LEITE MASTIGAVEL;7895144204482;UN;0;0,01;0;15/12/2016;N;1
FRUITTELLA 40G MORANGO MASTIGAVEL;7896262301022;UN;1,18;0,01;16;13/12/2016;S;1
FRUITTELLA 40G MORANGO MASTIGAVEL C/16 *      (24);7896262305075;CX16;0;0,01;0;13/12/2016;N;1
FRUITTELLA 40G PEPPA PIG-MILKSHAKE MORANGO;7895144294049;UN;0;0,01;0;15/12/2016;N;1
FRUITTELLA 41G BAUNILHA C/LEITE COND;7895144025117;UN;0;0,01;0;15/12/2016;N;1
FRUITTELLA 45G MORANGO C/CR.LEITE SWIRL;7895144028019;UN;0;0,01;0;15/12/2016;N;1
FRUITTELLA DOCE DE LEITE 40G;7895144294483;UN;1,17;1,75;0;15/12/2016;S;1
GARFO STRAW. L.FESTA BRANCO C/50 UN;7898202615206;UN;0;0,01;0;14/12/2016;N;1
GATORADE FRUTAS CITRICAS 500ML;7892840808013;UND;3,04;4,25;0;13/10/2016;S;1
GATORADE LARANJA PET 500ML;7892840808020;UND;3,04;4,25;0;13/10/2016;S;1
GATORADE LIMAO PET 500ML;7892840808037;UND;3,04;4,25;0;13/10/2016;S;1
GATORADE UVA PET 500ML;7892840808051;UND;3,04;4,25;0;13/10/2016;S;1
GOMETS 100GR ANEL DE FRUTAS ACIDAS;7896058505436;UN;0;0,01;0;16/12/2016;N;1
GOMETS 100GR MINHOCAS DE FRUTAS;7896058505450;UN;0;0,01;0;16/12/2016;N;1
GOMETS DORI 100GR SINO;7896058501407;UN;0;0,01;0;16/12/2016;N;1
GUARANA ANTARCTICA PET 2L;7891991001342;UND;3,83;5,75;0;12/10/2016;S;1
GUARD. LUCCA FOLHA DUPLA 22X22CM;7898905277138;UN;0;0,01;0;14/12/2016;N;1
GUARD. RIPZ FOLHA DUPLA 32X33CM;7898905277060;UN;0;0,01;0;14/12/2016;N;1
GUARDANAPO BOMPACK 22X20CM;7898921468978;UN;0;0,01;0;14/12/2016;N;1
GUARDANAPO BOMPACK 30X30CM;7898921469203;UN;0;0,01;0;14/12/2016;N;1
HALLS MELANCIA 34G;7895800308721;UND;0;1,5;0;11/10/2016;S;1
HAMB BOV CG NOVILHO NOBRE ENV 90;7898919783076;UN;0,9;0,01;60;14/12/2016;N;1
HAMB BOV CG PERDIGAO 56G;7891515605797;UN;0,66;0,01;36;14/12/2016;N;1
HAPPYDENT WHITE 13,5G ICE CHERRY;7895144059037;UN;0;0,01;0;15/12/2016;N;1
HAPPYDENT WHITE 13,5G MENTA;7895144059013;UN;0;0,01;0;15/12/2016;N;1
HEINEKEN LATA 350ML;7896045523412;UND;2,75;3,65;0;14/12/2016;S;1
HEINEKEN LN 330ML;78936683;UND;3,18;3,99;0;14/12/2016;S;1
ISQUEIRO BIC MINI CARTELA;070330631328;UN;0;0,01;0;16/12/2016;N;1
ITAIPAVA MALZ LATA 350ML;7897395020194;UND;2,22;3,15;0;14/12/2016;S;1
LACTA AMARO 150G;7622300852474;UND;5,19;6,99;0;20/10/2016;S;1
LACTA AO LEITE 150G;7622300851583;UND;5,19;6,99;0;12/10/2016;S;1
LACTA DIAMANTE NEGRO 150G;7622300851804;UND;5,19;6,99;0;20/10/2016;S;1
LACTA LAKA 150G;7622300851767;UND;5,19;6,99;0;20/10/2016;S;1
LACTA SHOT 155G;7622300851941;UND;5,19;6,99;0;20/10/2016;S;1
LAKA OREO 150G;7622300851392;UND;5,19;6,99;0;12/10/2016;S;1
LEITE AROM CHOCOLEITE 500ML;7896060506087;UN;3,55;0,01;12;14/12/2016;N;1
LEITE AROM CHOCOLEITE 850ML;7896060506063;UN;5,39;7,85;12;14/12/2016;S;1
LEITE AROM CHOCOLEITE ONE WAY 250ML;7896060506469;UN;2,41;0,01;24;14/12/2016;N;1
LEITE COCO NORDESTE VD 200ML;7898370100320;UN;1,98;0,01;24;14/12/2016;N;1
LEITE COCO NORDESTE VD 500ML;7898370100337;UN;4,65;0,01;12;14/12/2016;N;1
LEITE INTEGRAL TIROL 1L;7896256600223;UND;2,15;3,19;0;12/10/2016;S;1
LEITE SEMI DESNATADO TIROL 1L;7896256600230;UND;2,15;3,15;0;12/10/2016;S;1
LIMPA VIDRO BONSAI 500ML C GATILHO;7898922145991;UND;4,21;5,9;0;12/10/2016;S;1
LUVA BOMPACK VERNIZ AZUL G;7898921467131;UN;0;0,01;0;14/12/2016;N;1
LUVA BOMPACK VERNIZ AZUL M;7898921467124;UN;2,89;4,99;0;14/12/2016;S;1
LUVA BOMPACK VERNIZ AZUL M UN;9990000002702;UN;0;0,01;0;14/12/2016;N;1
LUVA BOMPACK VERNIZ AZUL P;7898921467117;UN;0;0,01;0;14/12/2016;N;1
MAIONESE HEINZ FP 215GR;7896102584189;UN;7,51;0,01;4;14/12/2016;N;1
MAIONESE HEINZ FP 390GR;7896102583182;UN;10,29;0,01;4;14/12/2016;N;1
MANDIOCA CG PEDACO SAO JOAO 1KG;7898942944017;UN;5,1;0,01;10;14/12/2016;N;1
MARG QUALY C/SAL 250GR;7893000394117;UN;2,75;0,01;24;14/12/2016;N;1
MARG QUALY C/SAL 500GR;7893000394209;UN;5,05;0,01;12;14/12/2016;N;1
MARG QUALY LIGHT C/SAL500GR;9990000002122;UN;5,45;0,01;12;14/12/2016;N;1
MAS SEMOLA TODESCHINI ESPAGUETE 500G;7896022205775;UN;1,79;0,01;150;14/12/2016;N;1
MAS SEMOLA TODESCHINI PARAFUSO 500GR;7896022206017;UN;1,99;0,01;20;14/12/2016;N;1
MAS SEMOLA TODESCHINI PENNE 500GR;07896022206031;UN;1,99;0,01;20;14/12/2016;N;1
MASSA DE POLIR N 2 PROAUTO 500G;7897520015989;UND;9,72;15,49;0;12/10/2016;S;1
MAX GUARANA 250ML;7896086190000;UND;1,07;1,49;0;12/10/2016;S;1
MAX LARANJINHA 250ML;7896086190024;UND;1,07;1,49;0;12/10/2016;S;1
MENTOS 3 PURE FRESH 8,5G SPEARMINT;7895144892931;UN;0;0,01;0;15/12/2016;N;1
MENTOS 3 PURE FRUIT 8,5G MELANCIA;7895144896502;UN;0;0,01;0;15/12/2016;N;1
MENTOS 3 PURE FRUIT 8,5G MOR/MACA/FRAMB.;7895144899930;UN;0;0,01;0;15/12/2016;N;1
MENTOS 3 WHITE 8,5G TUTTI FRESH;7895144896496;UN;0;0,01;0;15/12/2016;N;1
MENTOS BEATS 35G SORTIDOS;7895144605203;UN;0;0,01;0;15/12/2016;N;1
MENTOS KISS 35G MORANGO;7895144605685;UN;0;0,01;0;15/12/2016;N;1
MENTOS PURE FRESH 29G SPEARMINT LATA VERDE;7895144404332;UN;0;0,01;0;15/12/2016;N;1
MENTOS PURE FRESH 56G CHERRY GFA.ROSA;7895144294490;UN;0;0,01;0;15/12/2016;N;1
MENTOS PURE FRESH/WHITE 240G INDIVIDUAIS MISTO;7895144080338;UN;0;0,01;0;15/12/2016;N;1
MENTOS PURE FRESH/WHITE INDIVIDUAIS MISTO;7895144080239;UN;7,6;0,01;3;13/12/2016;N;1
MENTOS PURE FRUIT INDIVIDUAIS MISTO;7895144203737;UN;0,13;0,01;120;13/12/2016;S;1
MENTOS SLIM BOX 32,1G ICE GRAPE;7895144605333;UN;0;0,01;0;15/12/2016;N;1
MENTOS STICK 37,5G DUO BLACK ICE;7895144603216;UN;0;0,01;0;15/12/2016;N;1
MENTOS STICK 37,5G FRUTAS VERMELHAS;7895144603063;UN;1,09;2;16;15/12/2016;S;1
MENTOS STICK 37,5G MINT;7896262304306;UN;1,09;0,01;16;13/12/2016;S;1
MENTOS STICK 37,5G NOVO RAINBOW;7895144603148;UN;0;0,01;0;15/12/2016;N;1
MENTOS STICK 37,5G STRAWBERRY MIX;7895144293448;UN;0;0,01;0;15/12/2016;N;1
MENTOS STICK 37,5G TUTTI FRUTTI;7895144603223;UN;0;0,01;0;15/12/2016;N;1
MENTOS STICK 37,5G YOGURTE MORANGO;7895144603087;UN;0;0,01;0;15/12/2016;N;1
MILHO VERDE GOIAS VERDE LT 200GR;7898905153258;UN;1,63;0,01;24;14/12/2016;N;1
MIX DIAMANTE NEGRO LAKA 160G;7622300826611;UND;5,19;6,99;0;20/10/2016;S;1
MOLHO BARBECUE HEINZ FP 538GR;7896102503852;UN;14,58;0,01;4;14/12/2016;N;1
MOLHO HEINZ CHILI VD 340GR;7896102503814;UN;13,99;0,01;4;14/12/2016;N;1
MOLHO HEINZ TRADICIONAL SACHE 340GR;7896102593051;UN;1,99;0,01;24;14/12/2016;N;1
MORT JCW C/GORD FAT 150G;7898239600664;UN;1,15;0,01;10;14/12/2016;S;1
MORT JCW S/GORD FAT 150G;7898239600503;UN;1,16;11,37;10;14/12/2016;S;1
MOSTARDA AMARELA HEMMER 200G;7891031405017;UND;2,95;4,75;0;20/10/2016;S;1
MOSTARDA DOM FIORELO 200G;7896332799049;UND;2,1;2,99;0;20/10/2016;S;1
MOSTARDA HEIZ AMARELA 255G;7896102503715;UND;8,07;8,99;4;14/12/2016;S;1
NESCAU PRONTO 200ML;7891000379103;UND;1,49;1,99;0;12/10/2016;S;1
OREO MORANGO FLOWPACK 90G;7622300989408;UND;2,09;2,99;0;12/10/2016;S;1
OVO CODORNA ALTA RIO 300G;7898994476511;UND;5,9;8,49;0;12/10/2016;S;1
OVO CODORNA CODORNA E CIA VD 300GR;7898907132305;UN;6,26;0,01;15;14/12/2016;N;1
OVO CODORNA DANIMAR VIDRO 300G;7898931430033;UND;7,51;10,49;0;12/10/2016;S;1
OVO VERMELHO GRANDE EMBALADO DZ;7896344610202;UN;4,79;0,01;15;14/12/2016;N;1
PA C/CABO DOBRAVEL BOMPACK;7898921460569;UN;0;0,01;0;14/12/2016;N;1
PA DE LIXO BOMPACK;7898416300721;UN;0;0,01;0;14/12/2016;N;1
PACOCA ROLHA TRAD 18G;7896181708612;UND;0,25;0,5;0;12/10/2016;S;1
PALITO GINA DE MADEIRA;7896051020127;UN;0;0,01;0;14/12/2016;N;1
PALMITO INT PUPUNHA MICHELS 300GR;7898609760011;UN;8,81;0,01;15;14/12/2016;N;1
PALMITO PIC PUPUNHA MICHELS 300GR;7898609760028;UN;4,89;0,01;15;14/12/2016;N;1
PANO FLANELA ALKLIN PP ECONOMICA 28X38 C/3;7897750770696;UN;0;0,01;0;14/12/2016;N;1
PAO DE QUEIJO LC 1KG;7899766751812;UN;11,28;0,01;1;14/12/2016;N;1
PAPEL ALUMINIO BLUFORTE 30X7.5 MTS;7898182802115;UN;0;0,01;0;14/12/2016;N;1
PAPEL ALUMINIO BLUFORTE 45X4 MTS;7898182801156;UN;0;0,01;0;14/12/2016;N;1
PAPEL MANTEIGAFACIL BLUFORTE;7898182803037;UN;0;0,01;0;14/12/2016;N;1
PAPEL TOALHA COZINHA KING COOK 22X18.5CM C2;7898416301629;UN;0;0,01;0;14/12/2016;N;1
PAPEL TOALHA MULTIUSO BOMPACK PREMIUM 20X22CM C2;7898921461160;UN;0;0,01;0;14/12/2016;N;1
PEPINO ANGA 300GR;7898291990017;UN;4,73;0,01;15;14/12/2016;N;1
PEPSI COLA PET 2L;7892840800000;UND;4,32;5,99;0;20/10/2016;S;1
PESSEGO CALDA METADE EXTRA NEUMANN 450GR;7896040908122;UN;7,9;0,01;6;14/12/2016;N;1
PH FOFINHO FOLHA DUPLA NEUTRO C16;7896053411619;UND;13,58;18,99;0;11/10/2016;S;1
PH FOFINHO FOLHA DUPLA NEUTRO C4 30M;7896053410100;UN;3,38;4,85;0;14/12/2016;S;1
PH. BOURBON LUXO C8 30M;7896126301410;UN;0;0,01;0;14/12/2016;N;1
PH. FOFINHO FOLHA DUPLA NEUTRO C4 30 M;7896053410025;UN;0;0,01;0;14/12/2016;N;1
PH. FOFINHO NEUTRO C12 30 M;7896053411220;UN;0;0,01;0;14/12/2016;N;1
PH. FOFINHO NEUTRO C16 30 M;7896053411626;UN;0;0,01;0;14/12/2016;N;1
PILHA ALCALINA PANASONIC 12VOLTS;7896067200551;UN;0;0,01;0;16/12/2016;N;1
PILHA ALCALINA PANASONIC PALITO BLISTER;7896067202265;UN;0;0,01;0;16/12/2016;N;1
PILHA ALCALINA PANASONIC PEQUENA BLISTER 10X2;7896067202241;UN;0;0,01;0;16/12/2016;S;1
PILHA SUPER HIPER PANASONIC GRANDE C/2;7896067200018;UN;0;0,01;0;16/12/2016;N;1
PIRULITO DORI MASTIGAVEL YOGURTE;7896058500592;UN;0;0,01;0;16/12/2016;N;1
POLENTA CG PALITO EL CHEF 400GR;7898941461027;UN;1,85;0,01;25;14/12/2016;N;1
PRATO BOMPACK  15CM  C/10 UN;7898921460880;UN;0;0,01;0;14/12/2016;N;1
PRATO BOMPACK  21CM C/10 UN;7898921460903;UN;0;0,01;0;14/12/2016;N;1
PRATO BOMPACK  26CM C/10 UN;7898921460910;UN;0;0,01;0;14/12/2016;N;1
PRATO BOMPACK 15CM AZUL C/10;7898921468572;UN;0;0,01;0;14/12/2016;N;1
PRATO BOMPACK 15CM ROSA C/10;7898921468589;UN;0;0,01;0;14/12/2016;N;1
PRENDEDOR DE ROUPA EMBORRACHADO BOMPACK C/12;7898921460286;UN;0;0,01;0;14/12/2016;N;1
PRENDEDOR DE ROUPA MADEIRA BOMPACK C/12;7898416309496;UN;0;0,01;0;14/12/2016;N;1
PRESUNTO COZ FAT JCW 150G;7898239600510;UN;2,81;0,01;10;14/12/2016;N;1
QUEIJO MUSSARELA FAT LATELLI 150G;7898168040340;UN;3,55;0,01;10;14/12/2016;S;1
QUEIJO PRATO FAT LATELLI 150G;7898168040333;UN;3,55;0,01;10;14/12/2016;S;1
RAYSLOF BIG APPLE 900ML;7898080663474;UND;8,8;11,99;0;14/10/2016;S;1
RAYSLOF FRUTAS VERMELHAS 900ML;7898080662828;UND;7,6;10,9;0;11/10/2016;S;1
RAYSLOF VODKA TRADICIONAL 900ML;7898080661548;UND;7,9;10,9;0;13/10/2016;S;1
RED BULL ENERGY DRINK 250ML;611269991000;UND;5,89;7,95;0;12/10/2016;S;1
RED BULL ENERGY DRINK 473ML;9002490214166;UND;10,39;13,99;0;12/10/2016;S;1
RODO BOMPACK C/CABO 30CM;7898921468695;UN;0;0,01;0;14/12/2016;N;1
RODO BOMPACK C/CABO 40CM;7898921468763;UN;0;0,01;0;14/12/2016;N;1
RUM BACARDI BIG APPLE 750ML;7891125064502;UND;19,95;34,9;0;11/10/2016;S;1
SACO  DE LIXO BOMPACK 100LT ROLL AZUL C/FITA C/25;7898416300110;UN;0;0,01;0;14/12/2016;N;1
SACO  DE LIXO BOMPACK 15LT ROLL AZUL C/FITA C/100;7898416300080;UN;0;0,01;0;14/12/2016;N;1
SACO  DE LIXO BOMPACK 30LT ROLL AZUL C/FITA C/50;7898416300097;UN;0;0,01;0;14/12/2016;N;1
SACO  DE LIXO BOMPACK 50LT ROLL AZUL C/FITA C/50;7898416300103;UN;0;0,01;0;14/12/2016;N;1
SACO ASSADOFACIL BLUFORTE 30X0.41 C/5;7898182803020;UN;0;0,01;0;14/12/2016;N;1
SACO DE LIXO BOMPACK 100LT FORTE REFORCADO PRETO C/5;7898416300264;UN;0;0,01;0;14/12/2016;N;1
SACO DE LIXO BOMPACK 150LT FORTE REFORCADO PRETO C/05;7898416300271;UN;0;0,01;0;14/12/2016;N;1
SACO DE LIXO BOMPACK 200LT FORTE REFORCADO PRETO C/5;7898416301001;UN;0;0,01;0;14/12/2016;N;1
SACO DE LIXO BOMPACK 50LT FORTE REFORCADO PRETO C/10;7898416300257;UN;0;0,01;0;14/12/2016;N;1
SACO DE LIXO EMBRAST  100LT  ECONOMICO C/05;7898416300240;UN;0;0,01;0;14/12/2016;N;1
SACO DE LIXO EMBRAST  15LT  ECONOMICO C/20;7898416300219;UN;0;0,01;0;14/12/2016;N;1
SACO DE LIXO EMBRAST  30LT  ECONOMICO C/10;7898416300226;UN;0;0,01;0;14/12/2016;N;1
SACO DE LIXO EMBRAST  50LT  ECONOMICO C/10;7898416300233;UN;0;0,01;0;14/12/2016;N;1
SACO FREEZER BLUFORTE 2KG 20X35 C/50;7898182801125;UN;0;0,01;0;14/12/2016;N;1
SACO FREEZER BLUFORTE 3KG 23X38 C/50;7898182801026;UN;0;0,01;0;14/12/2016;N;1
SACO FREEZER BLUFORTE 5KG 28X42 C/50;7898182801040;UN;0;0,01;0;14/12/2016;N;1
SACOLA ROLO TRANSP. VOLTE SEMPRE 34X50 C/500;005;UN;0;0,01;0;14/12/2016;N;1
SACOLA VOLTE SEMPRE  40X50 C/1000;006;UN;0;0,01;0;14/12/2016;N;1
SACOLEIRA PRETA 40X50 C/LOGO C/1;007;UN;0;0,01;0;14/12/2016;N;1
SAL GROSSO ZIZO 1KG;7898102710100;UN;0,9;0,01;60;14/12/2016;N;1
SAL REFINADO ZIZO 1KG;7898102710032;UN;0,9;0,01;30;14/12/2016;N;1
SALAME ITALIANO FAT MAJESTADE 100G;7897329200029;UN;5;0,01;10;14/12/2016;N;1
SALAME ITALIANO INT MAJESTADE;7897329200012;UN;23,97;0,01;5;14/12/2016;N;1
SALSICHA PETITOSA ODERICH LT 180G;7896041132014;UND;2,22;3,15;0;12/10/2016;S;1
SCHIN GUARANA PET 2L;7896052600076;UND;3,24;4,49;0;11/10/2016;S;1
SCHIN LARANJA PET 2L;7896052600090;UND;3,29;4,49;0;11/10/2016;S;1
SCHIN LATA 350ML;7896052605279;UND;1,48;1,99;0;14/12/2016;S;1
SCHIN LATA 473ML;7896052605316;UND;1,73;2,49;0;14/12/2016;S;1
SILICONE PROAUTO SECAGEM RAPIDA 120ML;7896189223025;UND;3,67;5,99;0;12/10/2016;S;1
SKOL LATA 350ML;7891149200504;UND;1,66;2,49;0;14/12/2016;S;1
SMIRNOFF ICE LN 275ML;7893218000107;UND;4,28;5,49;0;12/10/2016;S;1
SMIRNOFF STORM LATA 269ML;7893218003436;UND;3,4;3,49;0;13/10/2016;S;1
SMIRNOFF VODKA 1L;7893218000473;UND;27,9;37,9;0;13/10/2016;S;1
SPRITE PET 2L;7894900061512;UND;4,14;5,75;0;11/10/2016;S;1
STEAK FRANGO SEARA 100G;7894904003495;UN;0,93;0,01;72;14/12/2016;N;1
STELLA ARTOIS LN 275ML;7891149101900;UND;3,12;3,99;0;14/12/2016;S;1
SUFRESH LITRO ABACAXI 1L;7898192034056;UND;3,7;4,99;0;12/10/2016;S;1
SUFRESH LITRO MANGA 1L;7898192034520;UND;3,7;4,99;0;12/10/2016;S;1
SUFRESH LITRO MORANGO 1L;7898192031833;UND;3,7;4,99;0;12/10/2016;S;1
SUFRESH LITRO UVA 1L;7898192030614;UND;3,7;4,99;0;12/10/2016;S;1
SUPER PANAO ALKLIN ALVEJADO 60X90;7897750776155;UN;0;0,01;0;14/12/2016;N;1
TACA STRAW. CHAMPAGNE CRISTAL 220ML C/4;7898202611604;UN;0;0,01;0;14/12/2016;N;1
TEMP QUERO ALHO E SAL300GR;7896102509083;UN;2,19;0,01;24;14/12/2016;N;1
TEMP QUERO COMPLETO C/PIMENTA 300GR;7896102509076;UN;2,19;0,01;24;14/12/2016;N;1
TEMP QUERO COMPLETO S/PIMENTA 300GR;7896102509069;UN;2,19;0,01;24;14/12/2016;N;1
TEMP ROTA DO SOL S/PIMENTA 4.4KG;7896829010114;UN;19,9;0,01;2;14/12/2016;N;1
TEMP SABOR AMI S/PIMENTA 5KG;7891132002023;UN;33,9;0,01;2;14/12/2016;N;1
TRAKINAS CHOC CHOC BRANCO 136G;7622300741297;UND;1,79;2,49;0;12/10/2016;S;1
TRAKINAS CHOCOLATE 136G;7622300741013;UND;1,79;2,49;0;12/10/2016;S;1
VASSOURA LIMPATUDO C/CABO BOMPACK;7898921468633;UN;0;0,01;0;14/12/2016;N;1
VASSOURA VARRESEMPRE C/CABO BOMPACK;7898921468640;UN;0;0,01;0;14/12/2016;N;1
VELA ANIVERSARIO ESTRELINHA MAGICA;7896901600820;UN;0;0,01;0;14/12/2016;N;1
VELA SUPERNUMEROS C/GLITER N 0 AZUL;7896901617682;UN;0;0,01;0;14/12/2016;N;1
VELA SUPERNUMEROS C/GLITER N 0 ROSA;7896901617880;UN;0;0,01;0;14/12/2016;N;1
VELA SUPERNUMEROS C/GLITER N 1 AZUL;7896901617699;UN;0;0,01;0;14/12/2016;N;1
VELA SUPERNUMEROS C/GLITER N 1 ROSA;7896901617897;UN;0;0,01;0;14/12/2016;N;1
VELA SUPERNUMEROS C/GLITER N 2 AZUL;7896901617705;UN;0;0,01;0;14/12/2016;N;1
VELA SUPERNUMEROS C/GLITER N 2 ROSA;7896901617903;UN;0;0,01;0;14/12/2016;N;1
VELA SUPERNUMEROS C/GLITER N 3 AZUL;7896901617712;UN;0;0,01;0;14/12/2016;N;1
VELA SUPERNUMEROS C/GLITER N 3 ROSA;7896901617910;UN;0;0,01;0;14/12/2016;N;1
VELA SUPERNUMEROS C/GLITER N 4 AZUL;7896901617729;UN;0;0,01;0;14/12/2016;N;1
VELA SUPERNUMEROS C/GLITER N 4 ROSA;7896901617927;UN;0;0,01;0;14/12/2016;N;1
VELA SUPERNUMEROS C/GLITER N 5 AZUL;7896901617736;UN;0;0,01;0;14/12/2016;N;1
VELA SUPERNUMEROS C/GLITER N 5 ROSA;7896901617934;UN;0;0,01;0;14/12/2016;N;1
VELA SUPERNUMEROS C/GLITER N 6 AZUL;7896901617743;UN;0;0,01;0;14/12/2016;N;1
VELA SUPERNUMEROS C/GLITER N 6 ROSA;7896901617941;UN;0;0,01;0;14/12/2016;N;1
VELA SUPERNUMEROS C/GLITER N 7 AZUL;7896901617750;UN;0;0,01;0;14/12/2016;N;1
VELA SUPERNUMEROS C/GLITER N 7 ROSA;7896901617958;UN;0;0,01;0;14/12/2016;N;1
VELA SUPERNUMEROS C/GLITER N 8 AZUL;7896901617767;UN;0;0,01;0;14/12/2016;N;1
VELA SUPERNUMEROS C/GLITER N 8 ROSA;7896901617965;UN;0;0,01;0;14/12/2016;N;1
VELA SUPERNUMEROS C/GLITER N 9 AZUL;7896901617774;UN;0;0,01;0;14/12/2016;N;1
VELA SUPERNUMEROS C/GLITER N 9 ROSA;7896901617972;UN;0;0,01;0;14/12/2016;N;1
VINAGRE ALCOOL HEINIG 900ML;7896383300096;UN;1,1;0,01;60;14/12/2016;N;1
VODKA BLANKITA 900ML;7898080660619;UND;9,2;12,49;0;13/10/2016;S;1
VODKA INTECION 900ML;7898080662330;UND;16;21,9;0;13/10/2016;S;1
VODKA KOROLEWA 1750ML;7898080663467;UND;18,9;28,95;0;13/10/2016;S;1
VODKA NATASHA 1L;7891125063000;UND;11,95;15,99;0;13/10/2016;S;1
VODKA ORLOFF 1L;7891050000903;UND;20,98;27,9;0;13/10/2016;S;1
VODKA SKYY 1L;7896010004007;UND;26,99;39,9;0;13/10/2016;S;1
YPIOCA FOGOSANTO 965ML;7896383730145;UND;16;20,75;0;13/10/2016;S;1
